TLS_Version,Handshake_Type,Cipher_Suite,SNI
0x0301,1,0x1301,example.com
0x0303,2,0x1302,N/A
0x0303,N/A,N/A,N/A
0x0303,N/A,N/A,N/A
0x0303,N/A,N/A,N/A
0x0303,N/A,N/A,N/A
0x0303,N/A,N/A,N/A
0x0303,N/A,N/A,N/A
N/A,N/A,N/A,N/A
0x0303,N/A,N/A,N/A
0x0303,N/A,N/A,N/A
0x0303,N/A,N/A,N/A
0x0303,N/A,N/A,N/A
0x0303,N/A,N/A,N/A
0x0303,N/A,N/A,N/A
0x0303,N/A,N/A,N/A
0x0301,1,0x1301,wikipedia.org
0x0301,1,0x1301,wikipedia.org
0x0303,2,0x1301,N/A
0x0303,N/A,N/A,N/A
0x0303,2,0x1301,N/A
0x0303,N/A,N/A,N/A
0x0303,N/A,N/A,N/A
0x0303,N/A,N/A,N/A
0x0303,N/A,N/A,N/A
0x0303,N/A,N/A,N/A
0x0303,N/A,N/A,N/A
0x0303,N/A,N/A,N/A
0x0303,N/A,N/A,N/A
0x0303,N/A,N/A,N/A
0x0303,N/A,N/A,N/A
0x0303,N/A,N/A,N/A
0x0303,N/A,N/A,N/A
0x0303,N/A,N/A,N/A
0x0303,N/A,N/A,N/A
0x0303,N/A,N/A,N/A
0x0303,N/A,N/A,N/A
0x0303,N/A,N/A,N/A
N/A,N/A,N/A,N/A
0x0303,N/A,N/A,N/A
0x0301,1,0x1301,www.wikipedia.org
0x0303,N/A,N/A,N/A
0x0303,2,0x1301,N/A
0x0303,N/A,N/A,N/A
0x0303,N/A,N/A,N/A
0x0303,N/A,N/A,N/A
0x0303,N/A,N/A,N/A
0x0303,N/A,N/A,N/A
0x0303,N/A,N/A,N/A
0x0303,N/A,N/A,N/A
0x0303,N/A,N/A,N/A
0x0303,N/A,N/A,N/A
0x0303,N/A,N/A,N/A
N/A,N/A,N/A,N/A
0x0303,N/A,N/A,N/A
N/A,N/A,N/A,N/A
0x0303,N/A,N/A,N/A
0x0301,1,0x1301,upload.wikimedia.org
0x0303,N/A,N/A,N/A
0x0303,2,0x1301,N/A
0x0303,N/A,N/A,N/A
0x0303,N/A,N/A,N/A
N/A,N/A,N/A,N/A
0x0303,N/A,N/A,N/A
0x0303,N/A,N/A,N/A
0x0303,N/A,N/A,N/A
0x0303,N/A,N/A,N/A
0x0303,N/A,N/A,N/A
0x0303,N/A,N/A,N/A
0x0303,N/A,N/A,N/A
0x0303,N/A,N/A,N/A
0x0303,N/A,N/A,N/A
0x0303,N/A,N/A,N/A
0x0303,N/A,N/A,N/A
0x0303,N/A,N/A,N/A
0x0303,N/A,N/A,N/A
0x0303,N/A,N/A,N/A
0x0301,1,0x1301,en.wikipedia.org
0x0303,2,0x1301,N/A
0x0303,N/A,N/A,N/A
0x0303,N/A,N/A,N/A
0x0303,N/A,N/A,N/A
0x0303,N/A,N/A,N/A
0x0303,N/A,N/A,N/A
0x0303,N/A,N/A,N/A
0x0303,N/A,N/A,N/A
0x0303,N/A,N/A,N/A
0x0303,N/A,N/A,N/A
0x0303,N/A,N/A,N/A
0x0303,N/A,N/A,N/A
0x0303,N/A,N/A,N/A
0x0301,1,0x1301,openai.com
0x0303,2,0x1301,N/A
0x0301,1,0x1301,openai.com
0x0303,2,0x1301,N/A
0x0303,N/A,N/A,N/A
0x0303,N/A,N/A,N/A
0x0303,N/A,N/A,N/A
0x0303,N/A,N/A,N/A
0x0303,N/A,N/A,N/A
0x0303,N/A,N/A,N/A
0x0303,N/A,N/A,N/A
0x0303,N/A,N/A,N/A
0x0303,N/A,N/A,N/A
0x0303,N/A,N/A,N/A
0x0303,N/A,N/A,N/A
0x0303,N/A,N/A,N/A
0x0303,N/A,N/A,N/A
0x0303,N/A,N/A,N/A
0x0303,N/A,N/A,N/A
0x0303,N/A,N/A,N/A
0x0303,N/A,N/A,N/A
0x0303,N/A,N/A,N/A
0x0303,N/A,N/A,N/A
0x0303,N/A,N/A,N/A
0x0303,N/A,N/A,N/A
0x0303,N/A,N/A,N/A
0x0303,N/A,N/A,N/A
0x0303,N/A,N/A,N/A
0x0303,N/A,N/A,N/A
0x0303,N/A,N/A,N/A
0x0303,N/A,N/A,N/A
0x0303,N/A,N/A,N/A
0x0303,N/A,N/A,N/A
0x0303,N/A,N/A,N/A
0x0303,N/A,N/A,N/A
0x0303,N/A,N/A,N/A
0x0303,N/A,N/A,N/A
0x0303,N/A,N/A,N/A
0x0301,1,0x1301,static.cloudflareinsights.com
0x0303,2,0x1301,N/A
0x0303,N/A,N/A,N/A
0x0303,N/A,N/A,N/A
0x0303,N/A,N/A,N/A
0x0303,N/A,N/A,N/A
0x0303,N/A,N/A,N/A
0x0303,N/A,N/A,N/A
0x0303,N/A,N/A,N/A
0x0303,N/A,N/A,N/A
0x0303,N/A,N/A,N/A
0x0303,N/A,N/A,N/A
0x0303,N/A,N/A,N/A
0x0303,N/A,N/A,N/A
0x0301,1,0x1301,www.googletagmanager.com
0x0303,2,0x1301,N/A
0x0303,N/A,N/A,N/A
0x0303,N/A,N/A,N/A
0x0303,N/A,N/A,N/A
0x0303,N/A,N/A,N/A
0x0303,N/A,N/A,N/A
0x0303,N/A,N/A,N/A
0x0303,N/A,N/A,N/A
0x0303,N/A,N/A,N/A
0x0303,N/A,N/A,N/A
0x0303,N/A,N/A,N/A
0x0303,N/A,N/A,N/A
0x0303,N/A,N/A,N/A
0x0303,N/A,N/A,N/A
0x0303,N/A,N/A,N/A
0x0303,N/A,N/A,N/A
0x0303,N/A,N/A,N/A
0x0303,N/A,N/A,N/A
0x0303,N/A,N/A,N/A
0x0303,N/A,N/A,N/A
0x0303,N/A,N/A,N/A
0x0303,N/A,N/A,N/A
0x0303,N/A,N/A,N/A
0x0303,N/A,N/A,N/A
0x0303,N/A,N/A,N/A
0x0303,N/A,N/A,N/A
0x0303,N/A,N/A,N/A
0x0303,N/A,N/A,N/A
0x0303,N/A,N/A,N/A
0x0303,N/A,N/A,N/A
0x0303,N/A,N/A,N/A
0x0303,N/A,N/A,N/A
0x0303,N/A,N/A,N/A
0x0303,N/A,N/A,N/A
0x0303,N/A,N/A,N/A
0x0303,N/A,N/A,N/A
0x0303,N/A,N/A,N/A
0x0303,N/A,N/A,N/A
0x0303,N/A,N/A,N/A
0x0303,N/A,N/A,N/A
0x0303,N/A,N/A,N/A
0x0303,N/A,N/A,N/A
0x0303,N/A,N/A,N/A
0x0303,N/A,N/A,N/A
0x0303,N/A,N/A,N/A
0x0303,N/A,N/A,N/A
0x0303,N/A,N/A,N/A
0x0303,N/A,N/A,N/A
0x0303,N/A,N/A,N/A
0x0303,N/A,N/A,N/A
0x0303,N/A,N/A,N/A
0x0303,N/A,N/A,N/A
0x0303,N/A,N/A,N/A
0x0303,N/A,N/A,N/A
0x0303,N/A,N/A,N/A
0x0303,N/A,N/A,N/A
0x0303,N/A,N/A,N/A
0x0303,N/A,N/A,N/A
0x0303,N/A,N/A,N/A
0x0303,N/A,N/A,N/A
0x0303,N/A,N/A,N/A
0x0303,N/A,N/A,N/A
0x0303,N/A,N/A,N/A
0x0303,N/A,N/A,N/A
0x0303,N/A,N/A,N/A
N/A,N/A,N/A,N/A
0x0303,N/A,N/A,N/A
0x0303,N/A,N/A,N/A
0x0303,N/A,N/A,N/A
0x0303,N/A,N/A,N/A
0x0303,N/A,N/A,N/A
0x0303,N/A,N/A,N/A
0x0303,N/A,N/A,N/A
0x0301,1,0x1301,chatgpt.com
0x0303,2,0x1301,N/A
0x0301,1,0x1301,featureassets.org
0x0303,2,0x1301,N/A
0x0303,N/A,N/A,N/A
0x0303,N/A,N/A,N/A
0x0303,N/A,N/A,N/A
0x0303,N/A,N/A,N/A
0x0303,N/A,N/A,N/A
0x0301,1,0x1301,images.ctfassets.net
0x0303,N/A,N/A,N/A
0x0301,1,0x1301,images.ctfassets.net
0x0303,2,0x1301,N/A
0x0303,N/A,N/A,N/A
0x0303,N/A,N/A,N/A
0x0303,N/A,N/A,N/A
0x0303,2,0x1301,N/A
0x0303,N/A,N/A,N/A
0x0303,N/A,N/A,N/A
0x0303,N/A,N/A,N/A
0x0301,1,0x1301,images.ctfassets.net
0x0303,N/A,N/A,N/A
0x0303,N/A,N/A,N/A
0x0303,N/A,N/A,N/A
0x0303,N/A,N/A,N/A
0x0303,N/A,N/A,N/A
0x0303,2,0x1301,N/A
0x0303,N/A,N/A,N/A
0x0303,N/A,N/A,N/A
0x0303,N/A,N/A,N/A
0x0303,N/A,N/A,N/A
0x0303,N/A,N/A,N/A
0x0303,N/A,N/A,N/A
0x0303,N/A,N/A,N/A
0x0303,N/A,N/A,N/A
0x0303,N/A,N/A,N/A
0x0303,N/A,N/A,N/A
0x0303,N/A,N/A,N/A
0x0303,N/A,N/A,N/A
0x0303,N/A,N/A,N/A
0x0303,N/A,N/A,N/A
0x0303,N/A,N/A,N/A
N/A,N/A,N/A,N/A
0x0303,N/A,N/A,N/A
0x0303,N/A,N/A,N/A
0x0303,N/A,N/A,N/A
0x0303,N/A,N/A,N/A
0x0303,N/A,N/A,N/A
0x0303,N/A,N/A,N/A
0x0303,N/A,N/A,N/A
0x0303,N/A,N/A,N/A
0x0303,N/A,N/A,N/A
0x0303,N/A,N/A,N/A
0x0303,N/A,N/A,N/A
0x0303,N/A,N/A,N/A
0x0303,N/A,N/A,N/A
0x0303,N/A,N/A,N/A
0x0303,N/A,N/A,N/A
0x0303,N/A,N/A,N/A
0x0303,N/A,N/A,N/A
0x0303,N/A,N/A,N/A
0x0303,N/A,N/A,N/A
0x0303,N/A,N/A,N/A
0x0303,N/A,N/A,N/A
0x0303,N/A,N/A,N/A
0x0303,N/A,N/A,N/A
0x0303,N/A,N/A,N/A
0x0301,1,0x1301,browser-intake-datadoghq.com
0x0303,N/A,N/A,N/A
0x0301,1,0x1301,browser-intake-datadoghq.com
0x0301,1,0x1301,browser-intake-datadoghq.com
0x0303,2,0x1301,N/A
0x0303,N/A,N/A,N/A
0x0303,2,0x1301,N/A
0x0303,N/A,N/A,N/A
0x0303,2,0x1301,N/A
0x0303,N/A,N/A,N/A
0x0303,N/A,N/A,N/A
0x0303,N/A,N/A,N/A
0x0303,N/A,N/A,N/A
N/A,N/A,N/A,N/A
0x0303,N/A,N/A,N/A
0x0303,N/A,N/A,N/A
0x0303,N/A,N/A,N/A
0x0303,N/A,N/A,N/A
0x0303,N/A,N/A,N/A
0x0303,N/A,N/A,N/A
0x0303,N/A,N/A,N/A
0x0303,N/A,N/A,N/A
0x0303,N/A,N/A,N/A
0x0303,N/A,N/A,N/A
0x0303,N/A,N/A,N/A
0x0303,N/A,N/A,N/A
0x0303,N/A,N/A,N/A
0x0303,N/A,N/A,N/A
0x0303,N/A,N/A,N/A
0x0303,N/A,N/A,N/A
0x0303,N/A,N/A,N/A
0x0303,N/A,N/A,N/A
0x0303,N/A,N/A,N/A
0x0303,N/A,N/A,N/A
0x0303,N/A,N/A,N/A
0x0303,N/A,N/A,N/A
0x0301,1,0x1301,cdn.openai.com
0x0301,1,0x1301,cdn.openai.com
0x0303,2,0x1302,N/A
0x0303,N/A,N/A,N/A
0x0301,1,0x1301,cdn.openai.com
0x0303,2,0x1302,N/A
0x0303,N/A,N/A,N/A
0x0303,2,0x1302,N/A
0x0303,N/A,N/A,N/A
0x0301,1,0x1301,cdn.openai.com
0x0301,1,0x1301,cdn.openai.com
0x0301,1,0x1301,cdn.openai.com
0x0303,2,0x1302,N/A
0x0303,N/A,N/A,N/A
0x0303,2,0x1302,N/A
0x0303,N/A,N/A,N/A
0x0303,2,0x1302,N/A
0x0303,N/A,N/A,N/A
0x0301,1,0x1301,prodregistryv2.org
0x0303,N/A,N/A,N/A
0x0303,N/A,N/A,N/A
0x0303,N/A,N/A,N/A
0x0303,2,0x1301,N/A
0x0303,N/A,N/A,N/A
0x0303,N/A,N/A,N/A
0x0303,N/A,N/A,N/A
0x0303,N/A,N/A,N/A
0x0303,N/A,N/A,N/A
0x0303,N/A,N/A,N/A
0x0303,N/A,N/A,N/A
0x0303,N/A,N/A,N/A
0x0303,N/A,N/A,N/A
0x0303,N/A,N/A,N/A
0x0303,N/A,N/A,N/A
0x0303,N/A,N/A,N/A
0x0303,N/A,N/A,N/A
0x0303,N/A,N/A,N/A
0x0303,N/A,N/A,N/A
0x0303,N/A,N/A,N/A
0x0303,N/A,N/A,N/A
0x0303,N/A,N/A,N/A
0x0303,N/A,N/A,N/A
0x0303,N/A,N/A,N/A
0x0303,N/A,N/A,N/A
0x0303,N/A,N/A,N/A
0x0303,N/A,N/A,N/A
0x0303,N/A,N/A,N/A
0x0303,N/A,N/A,N/A
0x0303,N/A,N/A,N/A
0x0303,N/A,N/A,N/A
0x0303,N/A,N/A,N/A
N/A,N/A,N/A,N/A
0x0303,N/A,N/A,N/A
0x0303,N/A,N/A,N/A
0x0303,N/A,N/A,N/A
0x0303,N/A,N/A,N/A
0x0303,N/A,N/A,N/A
0x0303,N/A,N/A,N/A
0x0303,N/A,N/A,N/A
0x0303,N/A,N/A,N/A
0x0303,N/A,N/A,N/A
0x0303,N/A,N/A,N/A
0x0303,N/A,N/A,N/A
0x0303,N/A,N/A,N/A
0x0303,N/A,N/A,N/A
0x0303,N/A,N/A,N/A
0x0303,N/A,N/A,N/A
0x0303,N/A,N/A,N/A
0x0303,N/A,N/A,N/A
0x0303,N/A,N/A,N/A
0x0303,N/A,N/A,N/A
0x0303,N/A,N/A,N/A
0x0303,N/A,N/A,N/A
0x0303,N/A,N/A,N/A
0x0303,N/A,N/A,N/A
0x0303,N/A,N/A,N/A
0x0303,N/A,N/A,N/A
0x0303,N/A,N/A,N/A
0x0303,N/A,N/A,N/A
0x0303,N/A,N/A,N/A
0x0303,N/A,N/A,N/A
0x0303,N/A,N/A,N/A
0x0303,N/A,N/A,N/A
0x0303,N/A,N/A,N/A
0x0303,N/A,N/A,N/A
0x0303,N/A,N/A,N/A
0x0303,N/A,N/A,N/A
0x0303,N/A,N/A,N/A
0x0303,N/A,N/A,N/A
0x0303,N/A,N/A,N/A
0x0303,N/A,N/A,N/A
0x0303,N/A,N/A,N/A
0x0303,N/A,N/A,N/A
0x0303,N/A,N/A,N/A
0x0303,N/A,N/A,N/A
0x0303,N/A,N/A,N/A
0x0303,N/A,N/A,N/A
0x0303,N/A,N/A,N/A
0x0303,N/A,N/A,N/A
0x0303,N/A,N/A,N/A
0x0303,N/A,N/A,N/A
0x0303,N/A,N/A,N/A
0x0303,N/A,N/A,N/A
0x0303,N/A,N/A,N/A
0x0303,N/A,N/A,N/A
0x0303,N/A,N/A,N/A
0x0303,N/A,N/A,N/A
0x0303,N/A,N/A,N/A
0x0303,N/A,N/A,N/A
0x0303,N/A,N/A,N/A
0x0303,N/A,N/A,N/A
0x0303,N/A,N/A,N/A
0x0303,N/A,N/A,N/A
0x0303,N/A,N/A,N/A
0x0303,N/A,N/A,N/A
0x0303,N/A,N/A,N/A
0x0303,N/A,N/A,N/A
0x0303,N/A,N/A,N/A
0x0303,N/A,N/A,N/A
0x0303,N/A,N/A,N/A
0x0303,N/A,N/A,N/A
0x0303,N/A,N/A,N/A
0x0303,N/A,N/A,N/A
0x0303,N/A,N/A,N/A
0x0303,N/A,N/A,N/A
0x0303,N/A,N/A,N/A
0x0303,N/A,N/A,N/A
0x0303,N/A,N/A,N/A
0x0303,N/A,N/A,N/A
0x0303,N/A,N/A,N/A
0x0303,N/A,N/A,N/A
0x0303,N/A,N/A,N/A
0x0303,N/A,N/A,N/A
0x0303,N/A,N/A,N/A
0x0303,N/A,N/A,N/A
0x0303,N/A,N/A,N/A
0x0303,N/A,N/A,N/A
0x0303,N/A,N/A,N/A
0x0303,N/A,N/A,N/A
0x0303,N/A,N/A,N/A
0x0303,N/A,N/A,N/A
0x0303,N/A,N/A,N/A
0x0303,N/A,N/A,N/A
0x0303,N/A,N/A,N/A
0x0303,N/A,N/A,N/A
0x0301,1,0x1301,cloudflareinsights.com
0x0303,N/A,N/A,N/A
0x0303,N/A,N/A,N/A
0x0303,N/A,N/A,N/A
0x0303,N/A,N/A,N/A
0x0303,N/A,N/A,N/A
0x0303,N/A,N/A,N/A
0x0301,1,0x1301,cloudflareinsights.com
0x0303,N/A,N/A,N/A
0x0303,N/A,N/A,N/A
0x0303,N/A,N/A,N/A
0x0303,N/A,N/A,N/A
0x0303,N/A,N/A,N/A
0x0303,N/A,N/A,N/A
0x0303,N/A,N/A,N/A
0x0303,N/A,N/A,N/A
0x0303,N/A,N/A,N/A
0x0303,N/A,N/A,N/A
0x0303,N/A,N/A,N/A
0x0303,N/A,N/A,N/A
0x0303,N/A,N/A,N/A
0x0303,N/A,N/A,N/A
0x0303,N/A,N/A,N/A
0x0303,N/A,N/A,N/A
0x0303,N/A,N/A,N/A
0x0303,N/A,N/A,N/A
0x0303,N/A,N/A,N/A
0x0303,N/A,N/A,N/A
0x0303,N/A,N/A,N/A
0x0303,N/A,N/A,N/A
0x0303,N/A,N/A,N/A
0x0303,N/A,N/A,N/A
0x0303,N/A,N/A,N/A
0x0303,N/A,N/A,N/A
0x0303,N/A,N/A,N/A
0x0303,N/A,N/A,N/A
0x0303,N/A,N/A,N/A
0x0303,N/A,N/A,N/A
0x0303,N/A,N/A,N/A
0x0303,2,0x1301,N/A
0x0303,N/A,N/A,N/A
0x0303,N/A,N/A,N/A
0x0303,N/A,N/A,N/A
0x0303,N/A,N/A,N/A
0x0303,2,0x1301,N/A
0x0303,N/A,N/A,N/A
0x0303,N/A,N/A,N/A
0x0303,N/A,N/A,N/A
0x0303,N/A,N/A,N/A
0x0303,N/A,N/A,N/A
0x0303,N/A,N/A,N/A
0x0303,N/A,N/A,N/A
0x0303,N/A,N/A,N/A
0x0303,N/A,N/A,N/A
0x0303,N/A,N/A,N/A
0x0303,N/A,N/A,N/A
0x0303,N/A,N/A,N/A
0x0303,N/A,N/A,N/A
0x0303,N/A,N/A,N/A
0x0303,N/A,N/A,N/A
0x0303,N/A,N/A,N/A
0x0303,N/A,N/A,N/A
0x0303,N/A,N/A,N/A
0x0303,N/A,N/A,N/A
0x0303,N/A,N/A,N/A
0x0303,N/A,N/A,N/A
0x0303,N/A,N/A,N/A
0x0303,N/A,N/A,N/A
0x0303,N/A,N/A,N/A
0x0303,N/A,N/A,N/A
0x0303,N/A,N/A,N/A
0x0303,N/A,N/A,N/A
0x0303,N/A,N/A,N/A
0x0303,N/A,N/A,N/A
0x0303,N/A,N/A,N/A
0x0303,N/A,N/A,N/A
0x0303,N/A,N/A,N/A
0x0303,N/A,N/A,N/A
0x0303,N/A,N/A,N/A
0x0303,N/A,N/A,N/A
0x0303,N/A,N/A,N/A
0x0303,N/A,N/A,N/A
0x0303,N/A,N/A,N/A
0x0303,N/A,N/A,N/A
0x0303,N/A,N/A,N/A
0x0303,N/A,N/A,N/A
0x0303,N/A,N/A,N/A
0x0303,N/A,N/A,N/A
0x0303,N/A,N/A,N/A
0x0303,N/A,N/A,N/A
0x0303,N/A,N/A,N/A
0x0303,N/A,N/A,N/A
0x0303,N/A,N/A,N/A
0x0303,N/A,N/A,N/A
0x0303,N/A,N/A,N/A
0x0303,N/A,N/A,N/A
0x0303,N/A,N/A,N/A
0x0303,N/A,N/A,N/A
0x0303,N/A,N/A,N/A
0x0303,N/A,N/A,N/A
0x0303,N/A,N/A,N/A
0x0303,N/A,N/A,N/A
0x0303,N/A,N/A,N/A
0x0303,N/A,N/A,N/A
0x0303,N/A,N/A,N/A
0x0303,N/A,N/A,N/A
0x0303,N/A,N/A,N/A
0x0303,N/A,N/A,N/A
0x0303,N/A,N/A,N/A
0x0303,N/A,N/A,N/A
0x0303,N/A,N/A,N/A
0x0303,N/A,N/A,N/A
0x0303,N/A,N/A,N/A
0x0303,N/A,N/A,N/A
0x0303,N/A,N/A,N/A
0x0303,N/A,N/A,N/A
0x0303,N/A,N/A,N/A
0x0303,N/A,N/A,N/A
0x0303,N/A,N/A,N/A
0x0303,N/A,N/A,N/A
0x0303,N/A,N/A,N/A
0x0303,N/A,N/A,N/A
0x0303,N/A,N/A,N/A
0x0303,N/A,N/A,N/A
0x0303,N/A,N/A,N/A
0x0303,N/A,N/A,N/A
0x0303,N/A,N/A,N/A
0x0303,N/A,N/A,N/A
0x0303,N/A,N/A,N/A
0x0303,N/A,N/A,N/A
0x0303,N/A,N/A,N/A
0x0303,N/A,N/A,N/A
0x0303,N/A,N/A,N/A
0x0303,N/A,N/A,N/A
0x0303,N/A,N/A,N/A
0x0303,N/A,N/A,N/A
0x0303,N/A,N/A,N/A
0x0303,N/A,N/A,N/A
0x0303,N/A,N/A,N/A
0x0303,N/A,N/A,N/A
0x0303,N/A,N/A,N/A
0x0303,N/A,N/A,N/A
0x0303,N/A,N/A,N/A
0x0303,N/A,N/A,N/A
0x0303,N/A,N/A,N/A
0x0303,N/A,N/A,N/A
0x0303,N/A,N/A,N/A
0x0303,N/A,N/A,N/A
0x0303,N/A,N/A,N/A
0x0303,N/A,N/A,N/A
0x0303,N/A,N/A,N/A
0x0303,N/A,N/A,N/A
0x0303,N/A,N/A,N/A
0x0303,N/A,N/A,N/A
N/A,N/A,N/A,N/A
0x0303,N/A,N/A,N/A
0x0303,N/A,N/A,N/A
0x0303,N/A,N/A,N/A
0x0303,N/A,N/A,N/A
0x0303,N/A,N/A,N/A
0x0303,N/A,N/A,N/A
0x0303,N/A,N/A,N/A
0x0303,N/A,N/A,N/A
0x0303,N/A,N/A,N/A
0x0303,N/A,N/A,N/A
0x0303,N/A,N/A,N/A
0x0303,N/A,N/A,N/A
0x0303,N/A,N/A,N/A
0x0303,N/A,N/A,N/A
0x0303,N/A,N/A,N/A
0x0303,N/A,N/A,N/A
0x0303,N/A,N/A,N/A
0x0303,N/A,N/A,N/A
0x0303,N/A,N/A,N/A
0x0303,N/A,N/A,N/A
0x0303,N/A,N/A,N/A
0x0303,N/A,N/A,N/A
0x0303,N/A,N/A,N/A
0x0303,N/A,N/A,N/A
0x0303,N/A,N/A,N/A
0x0303,N/A,N/A,N/A
0x0303,N/A,N/A,N/A
0x0303,N/A,N/A,N/A
0x0303,N/A,N/A,N/A
0x0303,N/A,N/A,N/A
0x0303,N/A,N/A,N/A
0x0303,N/A,N/A,N/A
0x0303,N/A,N/A,N/A
0x0303,N/A,N/A,N/A
0x0303,N/A,N/A,N/A
0x0303,N/A,N/A,N/A
0x0303,N/A,N/A,N/A
0x0303,N/A,N/A,N/A
0x0303,N/A,N/A,N/A
0x0303,N/A,N/A,N/A
0x0303,N/A,N/A,N/A
0x0303,N/A,N/A,N/A
0x0303,N/A,N/A,N/A
0x0303,N/A,N/A,N/A
0x0303,N/A,N/A,N/A
0x0303,N/A,N/A,N/A
0x0303,N/A,N/A,N/A
0x0303,N/A,N/A,N/A
0x0303,N/A,N/A,N/A
0x0303,N/A,N/A,N/A
0x0303,N/A,N/A,N/A
0x0303,N/A,N/A,N/A
0x0303,N/A,N/A,N/A
0x0303,N/A,N/A,N/A
0x0303,N/A,N/A,N/A
0x0303,N/A,N/A,N/A
0x0303,N/A,N/A,N/A
0x0303,N/A,N/A,N/A
0x0303,N/A,N/A,N/A
0x0303,N/A,N/A,N/A
0x0303,N/A,N/A,N/A
0x0303,N/A,N/A,N/A
0x0303,N/A,N/A,N/A
0x0303,N/A,N/A,N/A
0x0303,N/A,N/A,N/A
0x0303,N/A,N/A,N/A
0x0303,N/A,N/A,N/A
0x0303,N/A,N/A,N/A
0x0303,N/A,N/A,N/A
0x0303,N/A,N/A,N/A
0x0303,N/A,N/A,N/A
0x0303,N/A,N/A,N/A
0x0303,N/A,N/A,N/A
0x0303,N/A,N/A,N/A
0x0303,N/A,N/A,N/A
0x0303,N/A,N/A,N/A
0x0303,N/A,N/A,N/A
0x0303,N/A,N/A,N/A
0x0303,N/A,N/A,N/A
0x0303,N/A,N/A,N/A
0x0303,N/A,N/A,N/A
0x0303,N/A,N/A,N/A
0x0303,N/A,N/A,N/A
0x0303,N/A,N/A,N/A
0x0303,N/A,N/A,N/A
0x0303,N/A,N/A,N/A
0x0303,N/A,N/A,N/A
0x0303,N/A,N/A,N/A
0x0303,N/A,N/A,N/A
0x0303,N/A,N/A,N/A
0x0303,N/A,N/A,N/A
0x0303,N/A,N/A,N/A
0x0303,N/A,N/A,N/A
0x0303,N/A,N/A,N/A
0x0303,N/A,N/A,N/A
0x0303,N/A,N/A,N/A
0x0303,N/A,N/A,N/A
0x0303,N/A,N/A,N/A
0x0303,N/A,N/A,N/A
0x0303,N/A,N/A,N/A
0x0303,N/A,N/A,N/A
0x0303,N/A,N/A,N/A
0x0303,N/A,N/A,N/A
0x0303,N/A,N/A,N/A
0x0303,N/A,N/A,N/A
0x0303,N/A,N/A,N/A
0x0303,N/A,N/A,N/A
0x0303,N/A,N/A,N/A
0x0303,N/A,N/A,N/A
0x0303,N/A,N/A,N/A
0x0303,N/A,N/A,N/A
0x0303,N/A,N/A,N/A
0x0303,N/A,N/A,N/A
0x0303,N/A,N/A,N/A
0x0303,N/A,N/A,N/A
0x0303,N/A,N/A,N/A
0x0303,N/A,N/A,N/A
0x0303,N/A,N/A,N/A
0x0303,N/A,N/A,N/A
0x0303,N/A,N/A,N/A
0x0303,N/A,N/A,N/A
0x0303,N/A,N/A,N/A
0x0303,N/A,N/A,N/A
0x0303,N/A,N/A,N/A
0x0303,N/A,N/A,N/A
0x0303,N/A,N/A,N/A
0x0303,N/A,N/A,N/A
0x0303,N/A,N/A,N/A
0x0303,N/A,N/A,N/A
0x0303,N/A,N/A,N/A
0x0303,N/A,N/A,N/A
0x0303,N/A,N/A,N/A
0x0303,N/A,N/A,N/A
0x0303,N/A,N/A,N/A
0x0303,N/A,N/A,N/A
0x0303,N/A,N/A,N/A
0x0303,N/A,N/A,N/A
0x0303,N/A,N/A,N/A
0x0303,N/A,N/A,N/A
0x0303,N/A,N/A,N/A
0x0303,N/A,N/A,N/A
0x0303,N/A,N/A,N/A
0x0303,N/A,N/A,N/A
0x0303,N/A,N/A,N/A
0x0303,N/A,N/A,N/A
0x0303,N/A,N/A,N/A
0x0303,N/A,N/A,N/A
0x0303,N/A,N/A,N/A
0x0303,N/A,N/A,N/A
0x0303,N/A,N/A,N/A
0x0303,N/A,N/A,N/A
0x0303,N/A,N/A,N/A
0x0303,N/A,N/A,N/A
0x0303,N/A,N/A,N/A
0x0303,N/A,N/A,N/A
0x0303,N/A,N/A,N/A
0x0303,N/A,N/A,N/A
0x0303,N/A,N/A,N/A
0x0303,N/A,N/A,N/A
0x0303,N/A,N/A,N/A
0x0303,N/A,N/A,N/A
0x0303,N/A,N/A,N/A
0x0303,N/A,N/A,N/A
0x0303,N/A,N/A,N/A
0x0303,N/A,N/A,N/A
0x0303,N/A,N/A,N/A
0x0303,N/A,N/A,N/A
0x0303,N/A,N/A,N/A
0x0303,N/A,N/A,N/A
0x0303,N/A,N/A,N/A
0x0303,N/A,N/A,N/A
0x0303,N/A,N/A,N/A
0x0303,N/A,N/A,N/A
0x0303,N/A,N/A,N/A
0x0303,N/A,N/A,N/A
0x0303,N/A,N/A,N/A
0x0303,N/A,N/A,N/A
0x0303,N/A,N/A,N/A
0x0303,N/A,N/A,N/A
0x0303,N/A,N/A,N/A
0x0303,N/A,N/A,N/A
0x0303,N/A,N/A,N/A
0x0303,N/A,N/A,N/A
0x0303,N/A,N/A,N/A
0x0303,N/A,N/A,N/A
0x0303,N/A,N/A,N/A
